url,status,final,title,headings,action,target,reason
"https://monirgroupbd.com/","200","https://monirgroupbd.com/","Monir Group Bangladesh &#8211; The Biggest Importer &amp; Exporter un Bangladesh","MADE FOR QUALITY EXPORT AND IMPORT | We're the Biggest Importer & Exporter | Expanding Our Reach and Expertise | Why People Say Us Best Importer & Exporter of poultry products in Bangladesh | Our High-Quality Poultry Items | Maize | Full Fat Soyabean | Wheat-dust | Wheat | Fish Meal | Soya meal High Protine | Sourcing Quality Poultry from Trusted Suppliers | Suppliers From Bangladesh | Suppliers From India | Monir Group | Our Trusted Clients Who Rely on Us | Read Latest News & Blog Get Every Updates | Need Poultry Items! Send Us Message | Contact Us | About Us | Quick links | Head Office : | Branch Office : | Corporate Office : | Warehouse :","keep","/",""
"https://monirgroupbd.com/about-2/","error","","The operation was aborted due to timeout","","redirect","/about/","Equivalent rewritten company profile; initial source request timed out."
"https://monirgroupbd.com/sister-concerns/","200","https://monirgroupbd.com/sister-concerns/","Sister Concerns &#8211; Monir Group Bangladesh","MADE FOR QUALITY EXPORT AND IMPORT | Sister Concerns | Expanding Our Reach and Expertise | About Us | Quick links | Head Office : | Branch Office : | Corporate Office : | Warehouse :","keep","/sister-concerns/",""
"https://monirgroupbd.com/products/","200","https://monirgroupbd.com/products/","Products &#8211; Monir Group Bangladesh","MADE FOR QUALITY EXPORT AND IMPORT | Our Products | Maize | Full Fat Soyabean | Soya Meal High Protine | Soya Meal Low Protine | DORB | Wheat-dust | Rapeseed | Fish Meal | Dry Fish Powder | Mora Chal | Maize Powder | Half broken Maize | Diamond Broken Rice | Wheat Husk | Mix Dry Fish | Poultry Meal | Poultry Meal Oil | Rice Polish | Wheat | Shorishar Khoil | Limestone Powder | Corn Powder | Limestone 2-3mm | Cholar vushi | Diamond Cut Rice | Chitagur | Red Rice | Brown Rice | Basmati Rice | Atop Rice | Sugar | Molasses | Moida Flour | Atta Flour | L- Threonine | L-Lysine | L-Meta Amino | L- Valine | Methionine | Sulfet | DDGS | Corn Gluten Meal | di calcium phosphate | Mono calcium phosphate | sodium bicarbonate | chickpea | mashkalai lentil | Khesarir Dal | Lentils | Mung Dal | Anchor Dal | chickpea husk | Khesarir Daler Vushi | Anchor Daler Vushi | Moshuri Daler Vushi | About Us | Quick links | Head Office : | Branch Office : | Corporate Office : | Warehouse :","keep","/products/",""
"https://monirgroupbd.com/contact/","200","https://monirgroupbd.com/contact/","Contact &#8211; Monir Group Bangladesh","MADE FOR QUALITY EXPORT AND IMPORT | Contact us | We’re Ready to Help You! Need Any Poultry Items! or Consultations ? | Need Poultry Items! Send Us Message | About Us | Quick links | Head Office : | Branch Office : | Corporate Office : | Warehouse :","keep","/contact/",""
"https://monirgroupbd.com/monir-poultry-feed-industries-limited/","200","https://monirgroupbd.com/monir-poultry-feed-industries-limited/","Monir Poultry Feed Industries Limited &#8211; Monir Group Bangladesh","MADE FOR QUALITY EXPORT AND IMPORT | Monir Poultry Feed Industries Limited is dedicated | Poultry, Cattle & Fish Feed | What We Provide For Your
Better Health | Our Sister Concerns | People Choose Us For Our Great Offers | What’s Our Client
Say About Organic
Foods | Trusted Organice Food
Providing Company | Check Out Our Other Products | About Us | Quick links | Head Office : | Branch Office : | Corporate Office : | Warehouse :","keep","/monir-poultry-feed-industries-limited/",""
"https://monirgroupbd.com/home-2/","200","https://monirgroupbd.com/home-2/","Home 2 &#8211; Monir Group Bangladesh","MADE FOR QUALITY EXPORT AND IMPORT | We’re Best Agriculture
& Organic Firms | Agriculture & Organic Farms | What We Provide For Your
Better Health | We Have More Then 1235+ Global Partners | Some Category Organic Products
Collect Our Shop | People Choose Us For Our Great Offers | What’s Our Client
Say About Organic
Foods | Trusted Organice Food
Providing Company | Read Latest News & Blog
Get Every Updates | About Us | Quick links | Head Office : | Branch Office : | Corporate Office : | Warehouse :","remove","404",""
"https://monirgroupbd.com/home-3/","200","https://monirgroupbd.com/home-3/","Home 3 &#8211; Monir Group Bangladesh","MADE FOR QUALITY EXPORT AND IMPORT | 25 Years Of
Experience In
Agriculture
Farming | We’re Best Agriculture & Organic Firms | Why People Say Us Best Farming
Company in The Worlds | Need Organic Foods | Have Any Equipments? | What We Provide For Your Better Health | We Have More Then 1235+ Global Partners | We Have Lot’s Of Experience
Team Members | We’ve Done Many Other Projects
Let’s See Gallery Insights | What’s Our Clients Say About
Our Organic Foods | Read Latest News & Blog Get Every Updates | About Us | Quick links | Head Office : | Branch Office : | Corporate Office : | Warehouse :","remove","404",""
"https://monirgroupbd.com/contact-2/","200","https://monirgroupbd.com/contact-2/","Contact II &#8211; Monir Group Bangladesh","MADE FOR QUALITY EXPORT AND IMPORT | Contact II | Leave a message | About Us | Quick links | Head Office : | Branch Office : | Corporate Office : | Warehouse :","redirect","/contact/",""
"https://monirgroupbd.com/contact-us/","200","https://monirgroupbd.com/contact-us/","Contact us &#8211; Monir Group Bangladesh","MADE FOR QUALITY EXPORT AND IMPORT | Contact us | About Us | Quick links | Head Office : | Branch Office : | Corporate Office : | Warehouse :","redirect","/contact/",""
"https://monirgroupbd.com/about-us/","200","https://monirgroupbd.com/about-us/","About the company &#8211; Monir Group Bangladesh","MADE FOR QUALITY EXPORT AND IMPORT | About the company | About Us | Quick links | Head Office : | Branch Office : | Corporate Office : | Warehouse :","redirect","/about/",""
"https://monirgroupbd.com/our-services/","200","https://monirgroupbd.com/our-services/","Our services &#8211; Monir Group Bangladesh","MADE FOR QUALITY EXPORT AND IMPORT | Our services | We Create Careers | We Manage Your Business | We Are Industry Experts | About Us | Quick links | Head Office : | Branch Office : | Corporate Office : | Warehouse :","remove","404",""
"https://monirgroupbd.com/shop-2/","200","https://monirgroupbd.com/shop-2/","Shop &#8211; Monir Group Bangladesh","MADE FOR QUALITY EXPORT AND IMPORT | Shop | About Us | Quick links | Head Office : | Branch Office : | Corporate Office : | Warehouse :","remove","404",""
"https://monirgroupbd.com/my-account/","200","https://monirgroupbd.com/my-account/","My account &#8211; Monir Group Bangladesh","MADE FOR QUALITY EXPORT AND IMPORT | My account | About Us | Quick links | Head Office : | Branch Office : | Corporate Office : | Warehouse :","remove","404",""
"https://monirgroupbd.com/checkout/","200","https://monirgroupbd.com/checkout/","Checkout &#8211; Monir Group Bangladesh","MADE FOR QUALITY EXPORT AND IMPORT | Checkout | About Us | Quick links | Head Office : | Branch Office : | Corporate Office : | Warehouse :","remove","404",""
"https://monirgroupbd.com/cart/","200","https://monirgroupbd.com/cart/","Cart &#8211; Monir Group Bangladesh","MADE FOR QUALITY EXPORT AND IMPORT | Cart | About Us | Quick links | Head Office : | Branch Office : | Corporate Office : | Warehouse :","remove","404",""
"https://monirgroupbd.com/shop/","200","https://monirgroupbd.com/shop/","Shop &#8211; Monir Group Bangladesh","MADE FOR QUALITY EXPORT AND IMPORT | Shop | About Us | Quick links | Head Office : | Branch Office : | Corporate Office : | Warehouse :","remove","404",""
"https://monirgroupbd.com/sample-page/","200","https://monirgroupbd.com/sample-page/","Sample Page &#8211; Monir Group Bangladesh","MADE FOR QUALITY EXPORT AND IMPORT | Sample Page | About Us | Quick links | Head Office : | Branch Office : | Corporate Office : | Warehouse :","remove","404","Legacy/demo/archive content without an evidenced equivalent; no homepage redirect."
"https://monirgroupbd.com/service-3/","200","https://monirgroupbd.com/service-3/","Service III &#8211; Monir Group Bangladesh","MADE FOR QUALITY EXPORT AND IMPORT | Services | What We Provide For Your Better Health | 90,100 Marker In 120+ Countries. | Markets | People Choose Us For Our Great Offers | Trusted Organice Food
Providing Company | About Us | Quick links | Head Office : | Branch Office : | Corporate Office : | Warehouse :","remove","404","Legacy/demo/archive content without an evidenced equivalent; no homepage redirect."
"https://monirgroupbd.com/services/planet-earth-safety/","200","https://monirgroupbd.com/services/planet-earth-safety/","Planet Earth Safety &#8211; Monir Group Bangladesh","MADE FOR QUALITY EXPORT AND IMPORT | Service | Organic Fresh Whats & Vegetables | Benitif Agriculture Foods | Agriculture & Organic Farms | What We Provide For Your Better Health | About Us | Quick links | Head Office : | Branch Office : | Corporate Office : | Warehouse :","remove","404",""
"https://monirgroupbd.com/services/organic-fresh-fruits/","200","https://monirgroupbd.com/services/organic-fresh-fruits/","Organic Fresh Fruits &#8211; Monir Group Bangladesh","MADE FOR QUALITY EXPORT AND IMPORT | Service | Organic Fresh Whats & Vegetables | Benitif Agriculture Foods | Agriculture & Organic Farms | What We Provide For Your Better Health | About Us | Quick links | Head Office : | Branch Office : | Corporate Office : | Warehouse :","remove","404",""
"https://monirgroupbd.com/services/fresh-pond-sea-fish/","200","https://monirgroupbd.com/services/fresh-pond-sea-fish/","Fresh Pond &#038; Sea Fish &#8211; Monir Group Bangladesh","MADE FOR QUALITY EXPORT AND IMPORT | Service | Organic Fresh Whats & Vegetables | Benitif Agriculture Foods | Agriculture & Organic Farms | What We Provide For Your Better Health | About Us | Quick links | Head Office : | Branch Office : | Corporate Office : | Warehouse :","remove","404",""
"https://monirgroupbd.com/services/fresh-wheat-sack-food/","200","https://monirgroupbd.com/services/fresh-wheat-sack-food/","Fresh Wheat Sack Food &#8211; Monir Group Bangladesh","MADE FOR QUALITY EXPORT AND IMPORT | Service | Organic Fresh Whats & Vegetables | Benitif Agriculture Foods | Agriculture & Organic Farms | What We Provide For Your Better Health | About Us | Quick links | Head Office : | Branch Office : | Corporate Office : | Warehouse :","remove","404",""
"https://monirgroupbd.com/portfolio-2/","200","https://monirgroupbd.com/portfolio-2/","Portfolio II &#8211; Monir Group Bangladesh","MADE FOR QUALITY EXPORT AND IMPORT | Portfolio | We’re Best Agriculture
& Organic Firms | Our Mission is to Protect your Business & Much More | Explore Our Projects | We Have More Then 1235+ Global Partners | About Us | Quick links | Head Office : | Branch Office : | Corporate Office : | Warehouse :","remove","404",""
"https://monirgroupbd.com/about-me/","200","https://monirgroupbd.com/about-me/","About Me &#8211; Monir Group Bangladesh","MADE FOR QUALITY EXPORT AND IMPORT | About Me | Rosalina D. William | L | Personal Skills | Careers Guidelines | About Us | Quick links | Head Office : | Branch Office : | Corporate Office : | Warehouse :","remove","404","Legacy/demo/archive content without an evidenced equivalent; no homepage redirect."
"https://monirgroupbd.com/services/cows-meat-and-milk/","200","https://monirgroupbd.com/services/cows-meat-and-milk/","Cows Meat and Milk &#8211; Monir Group Bangladesh","MADE FOR QUALITY EXPORT AND IMPORT | Service | Organic Fresh Whats & Vegetables | Benitif Agriculture Foods | Agriculture & Organic Farms | What We Provide For Your Better Health | About Us | Quick links | Head Office : | Branch Office : | Corporate Office : | Warehouse :","remove","404",""
"https://monirgroupbd.com/services/fresh-organic-vegetable/","200","https://monirgroupbd.com/services/fresh-organic-vegetable/","Fresh Organic Vegetable &#8211; Monir Group Bangladesh","MADE FOR QUALITY EXPORT AND IMPORT | Service | Organic Fresh Whats & Vegetables | Benitif Agriculture Foods | Agriculture & Organic Farms | What We Provide For Your Better Health | About Us | Quick links | Head Office : | Branch Office : | Corporate Office : | Warehouse :","remove","404",""
"https://monirgroupbd.com/portfolio/","200","https://monirgroupbd.com/portfolio/","Portfolio &#8211; Monir Group Bangladesh","MADE FOR QUALITY EXPORT AND IMPORT | Portfolio | We’ve Done Many Other Projects Let’s See Gallery Insights | We Have More Then 1235+ Global Partners | About Us | Quick links | Head Office : | Branch Office : | Corporate Office : | Warehouse :","remove","404",""
"https://monirgroupbd.com/our-awards/","200","https://monirgroupbd.com/our-awards/","Our Awards &#8211; Monir Group Bangladesh","MADE FOR QUALITY EXPORT AND IMPORT | Our Awards | 2020 The Cloud Awards | 2019 The IOT Awards | V3 Technology Awards | 2019 Business Awards | We Have More Then 1235+ Global Partners | About Us | Quick links | Head Office : | Branch Office : | Corporate Office : | Warehouse :","remove","404","Legacy/demo/archive content without an evidenced equivalent; no homepage redirect."
"https://monirgroupbd.com/farmers/","200","https://monirgroupbd.com/farmers/","Farmers &#8211; Monir Group Bangladesh","MADE FOR QUALITY EXPORT AND IMPORT | Farmers | We Have Lot’s Of Experience
Team Members | We’re Best Agriculture
& Organic Firms | What’s Our Clients Say About
Our Organic Foods | About Us | Quick links | Head Office : | Branch Office : | Corporate Office : | Warehouse :","remove","404","Legacy/demo/archive content without an evidenced equivalent; no homepage redirect."
"https://monirgroupbd.com/testimonials/","200","https://monirgroupbd.com/testimonials/","Testimonials &#8211; Monir Group Bangladesh","MADE FOR QUALITY EXPORT AND IMPORT | Testimonials | What’s Our Client Say About Our Organic Foods | What’s Our Client
Say About Organic
Foods | What’s Our Clients Say About
Our Organic Foods | About Us | Quick links | Head Office : | Branch Office : | Corporate Office : | Warehouse :","remove","404","Legacy/demo/archive content without an evidenced equivalent; no homepage redirect."
"https://monirgroupbd.com/services/","200","https://monirgroupbd.com/services/","Services &#8211; Monir Group Bangladesh","MADE FOR QUALITY EXPORT AND IMPORT | Services | What We Provide For Your
Better Health | We’re Best Agriculture
& Organic Firms | We Provide Organice Food Services
to Get Better Health | We Have More Then 1235+ Global Partners | We’ve Done Many Other Projects
Let’s See Gallery Insights | About Us | Quick links | Head Office : | Branch Office : | Corporate Office : | Warehouse :","remove","404",""
"https://monirgroupbd.com/pricing/","200","https://monirgroupbd.com/pricing/","Pricing &#8211; Monir Group Bangladesh","MADE FOR QUALITY EXPORT AND IMPORT | Pricing | Popular Pricing Plan | We’ve Done Many Other Projects
Let’s See Gallery Insights | We Have More Then 1235+ Global Partners | About Us | Quick links | Head Office : | Branch Office : | Corporate Office : | Warehouse :","remove","404","Legacy/demo/archive content without an evidenced equivalent; no homepage redirect."
"https://monirgroupbd.com/our-partner/","200","https://monirgroupbd.com/our-partner/","Our Partner &#8211; Monir Group Bangladesh","MADE FOR QUALITY EXPORT AND IMPORT | Our Partner | Company Limited Liability Conult Financial | Company Limited Liability Conult Financial | Company Limited Liability Conult Financial | Company Limited Liability Conult Financial | Organic food is very popular and good for health these days. | About Us | Quick links | Head Office : | Branch Office : | Corporate Office : | Warehouse :","remove","404","Legacy/demo/archive content without an evidenced equivalent; no homepage redirect."
"https://monirgroupbd.com/careers/","200","https://monirgroupbd.com/careers/","Careers &#8211; Monir Group Bangladesh","MADE FOR QUALITY EXPORT AND IMPORT | Careers | Digital Designer | SEO Optimization | IT Marketing | IT Consultant | Need Oragnic Foods! Send Us Message | What’s Our Clients Say About
Our Organic Foods | About Us | Quick links | Head Office : | Branch Office : | Corporate Office : | Warehouse :","remove","404","Legacy/demo/archive content without an evidenced equivalent; no homepage redirect."
"https://monirgroupbd.com/events-page/","200","https://monirgroupbd.com/events-page/","Events Page &#8211; Monir Group Bangladesh","MADE FOR QUALITY EXPORT AND IMPORT | Upcoming Events | Upcoming Events | We Have More Then 1235+ Global Partners | About Us | Quick links | Head Office : | Branch Office : | Corporate Office : | Warehouse :","remove","404","Legacy/demo/archive content without an evidenced equivalent; no homepage redirect."
"https://monirgroupbd.com/service-2/","200","https://monirgroupbd.com/service-2/","Services II &#8211; Monir Group Bangladesh","MADE FOR QUALITY EXPORT AND IMPORT | Services | What We Provide For Your
Better Health | Our Mission is to Protect your Business & Much More | 25 Years Of
Experience In
Agriculture
Farming | We’re Best Agriculture & Organic Firms | Need Oragnic Foods! Send Us Message | Contact Us | About Us | Quick links | Head Office : | Branch Office : | Corporate Office : | Warehouse :","remove","404","Legacy/demo/archive content without an evidenced equivalent; no homepage redirect."
"https://monirgroupbd.com/home-4/","200","https://monirgroupbd.com/home-4/","Home 4 &#8211; Monir Group Bangladesh","MADE FOR QUALITY EXPORT AND IMPORT | We’re Best Dairy Milk  Provider Farms | What We Provide For Your
Better Health | We Have Lot’s Of Experience
Team Members | We’ve Done Many Other Projects Let’s See Gallery Insights | Some Fresh Cows Products
Collection Our Shop | Need Organic Cow Milk & Meats | Why People’s Choose Farming Products | Need Oragnic Foods! Send Us Message | What’s Our Client Say About Our Organic Foods | Read Latest News & Blog Get Every Updates | About Us | Quick links | Head Office : | Branch Office : | Corporate Office : | Warehouse :","remove","404","Legacy/demo/archive content without an evidenced equivalent; no homepage redirect."
"https://monirgroupbd.com/news-2/","200","https://monirgroupbd.com/news-2/","News II &#8211; Monir Group Bangladesh","MADE FOR QUALITY EXPORT AND IMPORT | News II | High Quality Maize-Any Time Delivery of Our Godown in Gazipur. | High Quality Fishh Meal-Any Time Delivery of Our Godown in Gazipur. | High Quality, Full Fat Soyabean-Any Time Delivery of Our Godown in Gazipur. | Organic food is very popular and good for health these days. | About Us | Quick links | Head Office : | Branch Office : | Corporate Office : | Warehouse :","remove","404","Legacy/demo/archive content without an evidenced equivalent; no homepage redirect."
"https://monirgroupbd.com/news/","200","https://monirgroupbd.com/news/","News &#8211; Monir Group Bangladesh","MADE FOR QUALITY EXPORT AND IMPORT | News | Organic food is very popular and good for health these days. | About Us | Quick links | Head Office : | Branch Office : | Corporate Office : | Warehouse :","remove","404","Legacy/demo/archive content without an evidenced equivalent; no homepage redirect."
"https://monirgroupbd.com/faqs/","200","https://monirgroupbd.com/faqs/","Faqs &#8211; Monir Group Bangladesh","MADE FOR QUALITY EXPORT AND IMPORT | Faqs | Have Any Question On Minds!
Asked Question | Need Oragnic Foods!
Send Us Message | What’s Our Clients Say About
Our Organic Foods | About Us | Quick links | Head Office : | Branch Office : | Corporate Office : | Warehouse :","remove","404","Legacy/demo/archive content without an evidenced equivalent; no homepage redirect."
"https://monirgroupbd.com/gallery/","200","https://monirgroupbd.com/gallery/","Gallery &#8211; Monir Group Bangladesh","MADE FOR QUALITY EXPORT AND IMPORT | Gallery | Organic food is very popular and good for health these days. | About Us | Quick links | Head Office : | Branch Office : | Corporate Office : | Warehouse :","remove","404",""
"https://monirgroupbd.com/my-account-2/","200","https://monirgroupbd.com/my-account-2/","My account &#8211; Monir Group Bangladesh","MADE FOR QUALITY EXPORT AND IMPORT | About Us | Quick links | Head Office : | Branch Office : | Corporate Office : | Warehouse :","remove","404",""
"https://monirgroupbd.com/checkout-2/","200","https://monirgroupbd.com/checkout-2/","Checkout &#8211; Monir Group Bangladesh","MADE FOR QUALITY EXPORT AND IMPORT | About Us | Quick links | Head Office : | Branch Office : | Corporate Office : | Warehouse :","remove","404",""
"https://monirgroupbd.com/cart-2/","200","https://monirgroupbd.com/cart-2/","Cart &#8211; Monir Group Bangladesh","MADE FOR QUALITY EXPORT AND IMPORT | About Us | Quick links | Head Office : | Branch Office : | Corporate Office : | Warehouse :","remove","404",""
"https://monirgroupbd.com/portfolio-3/","200","https://monirgroupbd.com/portfolio-3/","Portfolio III &#8211; Monir Group Bangladesh","MADE FOR QUALITY EXPORT AND IMPORT | Portfolio III | What We Provide For Your
Better Health | Explore Our Projects | Trusted Organice Food
Providing Company | About Us | Quick links | Head Office : | Branch Office : | Corporate Office : | Warehouse :","remove","404",""
"https://monirgroupbd.com/blog-standard/","200","https://monirgroupbd.com/blog-standard/","Blog Standard &#8211; Monir Group Bangladesh","MADE FOR QUALITY EXPORT AND IMPORT | Blog Standard | Recent Posts | Agriculture & Organic Farms | Organic food is very popular and good for health these days. | About Us | Quick links | Head Office : | Branch Office : | Corporate Office : | Warehouse :","remove","404","Legacy/demo/archive content without an evidenced equivalent; no homepage redirect."
"https://monirgroupbd.com/team-of-experts/","200","https://monirgroupbd.com/team-of-experts/","Team of experts &#8211; Monir Group Bangladesh","MADE FOR QUALITY EXPORT AND IMPORT | Team of experts | About Us | Quick links | Head Office : | Branch Office : | Corporate Office : | Warehouse :","remove","404",""
"https://monirgroupbd.com/our-clients/","200","https://monirgroupbd.com/our-clients/","Our clients &#8211; Monir Group Bangladesh","MADE FOR QUALITY EXPORT AND IMPORT | Our clients | About Us | Quick links | Head Office : | Branch Office : | Corporate Office : | Warehouse :","remove","404","Legacy/demo/archive content without an evidenced equivalent; no homepage redirect."
"https://monirgroupbd.com/72-2/","200","https://monirgroupbd.com/72-2/","Monir Group Bangladesh","MADE FOR QUALITY EXPORT AND IMPORT |  | About Us | Quick links | Head Office : | Branch Office : | Corporate Office : | Warehouse :","remove","404","Legacy/demo/archive content without an evidenced equivalent; no homepage redirect."
"https://monirgroupbd.com/home/","200","https://monirgroupbd.com/home/","Home &#8211; Monir Group Bangladesh","MADE FOR QUALITY EXPORT AND IMPORT | Home | Meet our Company | Meet our Company | About Us | Quick links | Head Office : | Branch Office : | Corporate Office : | Warehouse :","remove","404","Legacy/demo/archive content without an evidenced equivalent; no homepage redirect."
"https://monirgroupbd.com/2024/01/27/high-quality-maize-any-time-delivery-of-our-godown-in-gazipur/","200","https://monirgroupbd.com/2024/01/27/high-quality-maize-any-time-delivery-of-our-godown-in-gazipur/","High Quality Maize-Any Time Delivery of Our Godown in Gazipur. &#8211; Monir Group Bangladesh","MADE FOR QUALITY EXPORT AND IMPORT | High Quality Maize-Any Time Delivery of Our Godown in Gazipur. | Recent Posts | Agriculture & Organic Farms | About Us | Quick links | Head Office : | Branch Office : | Corporate Office : | Warehouse :","redirect","/products/maize/","Equivalent material inquiry; dated stock/delivery claims not retained."
"https://monirgroupbd.com/2024/01/27/high-quality-fishh-meal-any-time-delivery-of-our-godown-in-gazipur/","200","https://monirgroupbd.com/2024/01/27/high-quality-fishh-meal-any-time-delivery-of-our-godown-in-gazipur/","High Quality Fishh Meal-Any Time Delivery of Our Godown in Gazipur. &#8211; Monir Group Bangladesh","MADE FOR QUALITY EXPORT AND IMPORT | High Quality Fishh Meal-Any Time Delivery of Our Godown in Gazipur. | Recent Posts | Agriculture & Organic Farms | About Us | Quick links | Head Office : | Branch Office : | Corporate Office : | Warehouse :","redirect","/products/fish-meal/","Equivalent material inquiry; dated delivery claim not retained."
"https://monirgroupbd.com/2024/01/27/high-qualityhigh-protein-soya-mealcity-nabilany-time-delivery-of-our-godown-in-gazipur/","200","https://monirgroupbd.com/2024/01/27/high-qualityhigh-protein-soya-mealcity-nabilany-time-delivery-of-our-godown-in-gazipur/","High Quality, Full Fat Soyabean-Any Time Delivery of Our Godown in Gazipur. &#8211; Monir Group Bangladesh","MADE FOR QUALITY EXPORT AND IMPORT | High Quality, Full Fat Soyabean-Any Time Delivery of Our Godown in Gazipur. | Recent Posts | Agriculture & Organic Farms | About Us | Quick links | Head Office : | Branch Office : | Corporate Office : | Warehouse :","redirect","/products/soybean-meal/","Equivalent soybean material inquiry; no unverified supplier relationship retained."
"https://monirgroupbd.com/case/golder-sunflower/","200","https://monirgroupbd.com/case/golder-sunflower/","Golder Sunflower &#8211; Monir Group Bangladesh","MADE FOR QUALITY EXPORT AND IMPORT | Domal D. Williamson | Website Design | Development, UX, UI | How We Solve This Project | Trusted Organice Food
Providing Company | We’ve Done Many Other Projects
Let’s See Gallery Insights |  | About Us | Quick links | Head Office : | Branch Office : | Corporate Office : | Warehouse :","remove","404","Legacy/demo/archive content without an evidenced equivalent; no homepage redirect."
"https://monirgroupbd.com/case/organic-wheats/","200","https://monirgroupbd.com/case/organic-wheats/","Organic Wheats &#8211; Monir Group Bangladesh","MADE FOR QUALITY EXPORT AND IMPORT | Domal D. Williamson | Website Design | Development, UX, UI | How We Solve This Project | Trusted Organice Food
Providing Company | We’ve Done Many Other Projects
Let’s See Gallery Insights |  | About Us | Quick links | Head Office : | Branch Office : | Corporate Office : | Warehouse :","remove","404","Legacy/demo/archive content without an evidenced equivalent; no homepage redirect."
"https://monirgroupbd.com/case/fresh-wheat-food/","200","https://monirgroupbd.com/case/fresh-wheat-food/","Fresh Wheat Food &#8211; Monir Group Bangladesh","MADE FOR QUALITY EXPORT AND IMPORT | Domal D. Williamson | Website Design | Development, UX, UI | How We Solve This Project | Trusted Organice Food
Providing Company | We’ve Done Many Other Projects
Let’s See Gallery Insights |  | About Us | Quick links | Head Office : | Branch Office : | Corporate Office : | Warehouse :","remove","404","Legacy/demo/archive content without an evidenced equivalent; no homepage redirect."
"https://monirgroupbd.com/case/fresh-organic-vegetable/","200","https://monirgroupbd.com/case/fresh-organic-vegetable/","Digital Campaigns &#8211; Monir Group Bangladesh","MADE FOR QUALITY EXPORT AND IMPORT | Domal D. Williamson | Website Design | Development, UX, UI | How We Solve This Project | Trusted Organice Food
Providing Company | We’ve Done Many Other Projects
Let’s See Gallery Insights |  | About Us | Quick links | Head Office : | Branch Office : | Corporate Office : | Warehouse :","remove","404","Legacy/demo/archive content without an evidenced equivalent; no homepage redirect."
"https://monirgroupbd.com/case/golder-wheat/","200","https://monirgroupbd.com/case/golder-wheat/","Golder Wheat &#8211; Monir Group Bangladesh","MADE FOR QUALITY EXPORT AND IMPORT | Domal D. Williamson | Website Design | Development, UX, UI | How We Solve This Project | Trusted Organice Food
Providing Company | We’ve Done Many Other Projects
Let’s See Gallery Insights |  | About Us | Quick links | Head Office : | Branch Office : | Corporate Office : | Warehouse :","remove","404","Legacy/demo/archive content without an evidenced equivalent; no homepage redirect."
"https://monirgroupbd.com/case/organic-cow/","200","https://monirgroupbd.com/case/organic-cow/","Organic Cow &#8211; Monir Group Bangladesh","MADE FOR QUALITY EXPORT AND IMPORT | Domal D. Williamson | Website Design | Development, UX, UI | How We Solve This Project | Trusted Organice Food
Providing Company | We’ve Done Many Other Projects
Let’s See Gallery Insights |  | About Us | Quick links | Head Office : | Branch Office : | Corporate Office : | Warehouse :","remove","404","Legacy/demo/archive content without an evidenced equivalent; no homepage redirect."
"https://monirgroupbd.com/case/organic-grap/","200","https://monirgroupbd.com/case/organic-grap/","Organic Grap &#8211; Monir Group Bangladesh","MADE FOR QUALITY EXPORT AND IMPORT | Domal D. Williamson | Website Design | Development, UX, UI | How We Solve This Project | Trusted Organice Food
Providing Company | We’ve Done Many Other Projects
Let’s See Gallery Insights |  | About Us | Quick links | Head Office : | Branch Office : | Corporate Office : | Warehouse :","remove","404","Legacy/demo/archive content without an evidenced equivalent; no homepage redirect."
"https://monirgroupbd.com/case/fresh-chicken/","200","https://monirgroupbd.com/case/fresh-chicken/","Fresh Chicken &#8211; Monir Group Bangladesh","MADE FOR QUALITY EXPORT AND IMPORT | Domal D. Williamson | Website Design | Development, UX, UI | How We Solve This Project | Trusted Organice Food
Providing Company | We’ve Done Many Other Projects
Let’s See Gallery Insights |  | About Us | Quick links | Head Office : | Branch Office : | Corporate Office : | Warehouse :","remove","404","Legacy/demo/archive content without an evidenced equivalent; no homepage redirect."
"https://monirgroupbd.com/gva_template/new-header-layout/","200","https://monirgroupbd.com/gva_template/new-header-layout/","Header I &#8211; White &#8211; Monir Group Bangladesh","MADE FOR QUALITY EXPORT AND IMPORT | Monir 
enterprise","remove","404","Legacy/demo/archive content without an evidenced equivalent; no homepage redirect."
"https://monirgroupbd.com/gva_template/new-footer-layout/","200","https://monirgroupbd.com/gva_template/new-footer-layout/","Footer Main &#8211; Monir Group Bangladesh","About Us | Quick links | Head Office : | Branch Office : | Corporate Office : | Warehouse :","remove","404","Legacy/demo/archive content without an evidenced equivalent; no homepage redirect."
"https://monirgroupbd.com/gva_template/new-page-layout/","200","https://monirgroupbd.com/gva_template/new-page-layout/","Page Layout I &#8211; Monir Group Bangladesh","MADE FOR QUALITY EXPORT AND IMPORT | Your page content will be displayed here | About Us | Quick links | Head Office : | Branch Office : | Corporate Office : | Warehouse :","remove","404","Legacy/demo/archive content without an evidenced equivalent; no homepage redirect."
"https://monirgroupbd.com/gva_template/new-post-single-template/","200","https://monirgroupbd.com/gva_template/new-post-single-template/","Post Single Template &#8211; Monir Group Bangladesh","MADE FOR QUALITY EXPORT AND IMPORT | High Quality Maize-Any Time Delivery of Our Godown in Gazipur. | Recent Posts | Agriculture & Organic Farms | About Us | Quick links | Head Office : | Branch Office : | Corporate Office : | Warehouse :","remove","404","Legacy/demo/archive content without an evidenced equivalent; no homepage redirect."
"https://monirgroupbd.com/gva_template/crowdfunding-single-template/","200","https://monirgroupbd.com/gva_template/crowdfunding-single-template/","Product Single Template &#8211; Monir Group Bangladesh","MADE FOR QUALITY EXPORT AND IMPORT | Consulting for Every Business | Organice Delicious Pomegranate","remove","404","Legacy/demo/archive content without an evidenced equivalent; no homepage redirect."
"https://monirgroupbd.com/gva_template/new-post-archive-template/","error","","The operation was aborted due to timeout","","remove","404","Legacy/demo/archive content without an evidenced equivalent; no homepage redirect."
"https://monirgroupbd.com/gva_template/page-layout-header-white-2/","200","https://monirgroupbd.com/gva_template/page-layout-header-white-2/","Page Layout Container &#8211; Monir Group Bangladesh","MADE FOR QUALITY EXPORT AND IMPORT | Page Layout Container | Your page content will be displayed here | About Us | Quick links | Head Office : | Branch Office : | Corporate Office : | Warehouse :","remove","404","Legacy/demo/archive content without an evidenced equivalent; no homepage redirect."
"https://monirgroupbd.com/gva_template/crowdfunding-archive-template/","200","https://monirgroupbd.com/gva_template/crowdfunding-archive-template/","Product Archive Template &#8211; Monir Group Bangladesh","MADE FOR QUALITY EXPORT AND IMPORT | Product Archive Template | Not a Member Yet? | About Us | Quick links | Head Office : | Branch Office : | Corporate Office : | Warehouse :","remove","404","Legacy/demo/archive content without an evidenced equivalent; no homepage redirect."
"https://monirgroupbd.com/gva_template/header-white-2/","200","https://monirgroupbd.com/gva_template/header-white-2/","Header-Main &#8211; Monir Group Bangladesh","MADE FOR QUALITY EXPORT AND IMPORT","remove","404","Legacy/demo/archive content without an evidenced equivalent; no homepage redirect."
"https://monirgroupbd.com/gva_template/new-page-layout-2/","200","https://monirgroupbd.com/gva_template/new-page-layout-2/","Page Layout II &#8211; Monir Group Bangladesh","MADE FOR QUALITY EXPORT AND IMPORT | Your page content will be displayed here | About Us | Quick links | Head Office : | Branch Office : | Corporate Office : | Warehouse :","remove","404","Legacy/demo/archive content without an evidenced equivalent; no homepage redirect."
"https://monirgroupbd.com/gva_template/page-layout-header-transparent-2/","200","https://monirgroupbd.com/gva_template/page-layout-header-transparent-2/","Page Layout III &#8211; Monir Group Bangladesh","MADE FOR QUALITY EXPORT AND IMPORT | Your page content will be displayed here | About Us | Quick links | Head Office : | Branch Office : | Corporate Office : | Warehouse :","remove","404","Legacy/demo/archive content without an evidenced equivalent; no homepage redirect."
"https://monirgroupbd.com/category/uncategorized/","200","https://monirgroupbd.com/category/uncategorized/","Uncategorized &#8211; Monir Group Bangladesh","MADE FOR QUALITY EXPORT AND IMPORT | Uncategorized | Recent Posts | About Us | Quick links | Head Office : | Branch Office : | Corporate Office : | Warehouse :","remove","404",""
"https://monirgroupbd.com/category-portfolio/fruits/","200","https://monirgroupbd.com/category-portfolio/fruits/","Fruits &#8211; Monir Group Bangladesh","MADE FOR QUALITY EXPORT AND IMPORT | Category: Fruits | About Us | Quick links | Head Office : | Branch Office : | Corporate Office : | Warehouse :","remove","404",""
"https://monirgroupbd.com/category-portfolio/milk-meats/","200","https://monirgroupbd.com/category-portfolio/milk-meats/","Milk &amp; Meats &#8211; Monir Group Bangladesh","MADE FOR QUALITY EXPORT AND IMPORT | Category: Milk & Meats | About Us | Quick links | Head Office : | Branch Office : | Corporate Office : | Warehouse :","remove","404",""
"https://monirgroupbd.com/category-portfolio/sea-fish/","200","https://monirgroupbd.com/category-portfolio/sea-fish/","Sea Fish &#8211; Monir Group Bangladesh","MADE FOR QUALITY EXPORT AND IMPORT | Category: Sea Fish | About Us | Quick links | Head Office : | Branch Office : | Corporate Office : | Warehouse :","remove","404",""
"https://monirgroupbd.com/category-portfolio/vegetables/","200","https://monirgroupbd.com/category-portfolio/vegetables/","Vegetables &#8211; Monir Group Bangladesh","MADE FOR QUALITY EXPORT AND IMPORT | Category: Vegetables | About Us | Quick links | Head Office : | Branch Office : | Corporate Office : | Warehouse :","remove","404",""